C28458,B12429,TRUE
C5779,B13953,TRUE
C1221,B31129,TRUE
C35035,B10376,TRUE
C38155,B17052,TRUE
C23794,B15891,TRUE
C42717,B90692,TRUE
C19894,B93315,TRUE
C27917,B74887,TRUE
C7628,B45055,TRUE
C12345,B53435,TRUE
C19875,B81059,TRUE
C17421,B50398,TRUE
C13806,B41534,TRUE
C24268,B96985,TRUE
C3195,B44075,TRUE
C21298,B25814,TRUE
C2810,B64873,TRUE
C17735,B46064,TRUE
C29970,B56543,TRUE
C5667,B50818,TRUE
C21124,B34810,TRUE
C17889,B80850,TRUE
C39497,B36985,TRUE
C40468,B55380,TRUE
C42983,B14868,TRUE
C35382,B12687,TRUE
C17956,B29033,TRUE
C9157,B57757,TRUE
C41625,B54664,TRUE
C35840,B37182,TRUE
C5975,B1497,TRUE
C46373,B72569,TRUE
C1449,B26065,TRUE
C29815,B62469,TRUE
C5366,B70599,TRUE
C47759,B53772,TRUE
C4108,B60147,TRUE
C36081,B47013,TRUE
C44174,B16211,TRUE
C4581,B54528,TRUE
C7512,B4330,TRUE
C9242,B50859,TRUE
C21410,B72895,TRUE
C863,B31113,TRUE
C9196,B92808,TRUE
C36668,B70388,TRUE
C35830,B95773,TRUE
C19027,B92589,TRUE
C4737,B63882,TRUE
C14722,B29572,TRUE
C7401,B88776,TRUE
C1418,B466,TRUE
C41424,B74719,TRUE
C3497,B20070,TRUE
C3840,B52477,TRUE
C11132,B27472,TRUE
C37401,B44032,TRUE
C41525,B28272,TRUE
C28191,B2318,TRUE
C32328,B58361,TRUE
C7955,B82714,TRUE
C3366,B61640,TRUE
C36081,B36478,TRUE
C41049,B95009,TRUE
C3110,B57347,TRUE
C24702,B15954,TRUE
C33529,B81882,TRUE
C9891,B54526,TRUE
C7279,B6806,TRUE
C23820,B67517,TRUE
C5464,B40477,TRUE
C8035,B5760,TRUE
C19567,B24743,TRUE
C25187,B10913,TRUE
C1930,B92777,TRUE
C29400,B66461,TRUE
C48615,B76904,TRUE
C7193,B4323,TRUE
C1449,B19603,TRUE
C50008,B22530,TRUE
C24417,B10080,TRUE
C31734,B274,TRUE
C30025,B51608,TRUE
C32100,B53072,TRUE
C5722,B31108,TRUE
C49974,B97007,TRUE
C8014,B28066,TRUE
C31309,B5891,TRUE
C1598,B37528,TRUE
C40437,B18935,TRUE
C8776,B71617,TRUE
C23782,B18560,TRUE
C23705,B6642,TRUE
C13134,B91554,TRUE
C15258,B58733,TRUE
C3102,B55968,TRUE
C12090,B94214,TRUE
C13134,B96556,TRUE
C19931,B42995,TRUE
C16902,B50722,TRUE
C1884,B41222,TRUE
C38398,B15997,TRUE
C241,B45198,TRUE
C31998,B25589,TRUE
C4058,B5335,TRUE
C25279,B78283,TRUE
C8597,B89789,TRUE
C14052,B78301,TRUE
C12297,B98012,TRUE
C41249,B97868,TRUE
C17752,B60924,TRUE
C6204,B26209,TRUE
C21145,B78896,TRUE
C11350,B70240,TRUE
C39594,B38545,TRUE
C21436,B83931,TRUE
C1852,B35574,TRUE
C14162,B36994,TRUE
C26106,B91629,TRUE
C11354,B86658,TRUE
C32830,B77300,TRUE
C26760,B59434,TRUE
C3145,B62652,TRUE
C31753,B83736,TRUE
C4805,B28005,TRUE
C6864,B37748,TRUE
C4201,B28895,TRUE
C41326,B73805,TRUE
C26333,B52779,TRUE
C35129,B67485,TRUE
C11210,B59137,TRUE
C40138,B39958,TRUE
C12973,B45653,TRUE
C22730,B72180,TRUE
C19584,B71366,TRUE
C39952,B21331,TRUE
C32320,B65288,TRUE
C8476,B93055,TRUE
C1929,B45006,TRUE
C8719,B42867,TRUE
C23039,B78591,TRUE
C7501,B66777,TRUE
C17381,B26343,TRUE
C16815,B8623,TRUE
C50057,B71115,TRUE
C33023,B34342,TRUE
C20565,B50800,TRUE
C2240,B37824,TRUE
C27647,B24259,TRUE
C36283,B66289,TRUE
C24529,B98322,TRUE
C34751,B89389,TRUE
C4839,B64158,TRUE
C24364,B35794,TRUE
C47677,B5494,TRUE
C37643,B39160,TRUE
C10672,B88196,TRUE
C3779,B1004,TRUE
C27690,B9594,TRUE
C13824,B58309,TRUE
C40154,B95059,TRUE
C24063,B64848,TRUE
C1527,B45648,TRUE
C49520,B74194,TRUE
C12914,B23842,TRUE
C24300,B88598,TRUE
C15393,B24645,TRUE
C1057,B22775,TRUE
C14671,B69764,TRUE
C806,B19984,TRUE
C13289,B35673,TRUE
C24900,B47292,TRUE
C29804,B24635,TRUE
C9786,B4916,TRUE
C19663,B41623,TRUE
C46554,B43220,TRUE
C27189,B76501,TRUE
C14266,B93621,TRUE
C3677,B75859,TRUE
C37046,B75787,TRUE
C19875,B70499,TRUE
C18452,B49712,TRUE
C35617,B37836,TRUE
C2481,B91878,TRUE
C26208,B47861,TRUE
C4434,B19932,TRUE
C46438,B98615,TRUE
C33296,B15102,TRUE
C43483,B34560,TRUE
C18373,B89227,TRUE
C9910,B50302,TRUE
C5766,B59989,TRUE
C13554,B29804,TRUE
C46021,B37844,TRUE
C16088,B13214,TRUE
C43986,B3309,TRUE
C3629,B53821,TRUE
C19718,B35455,TRUE
C38726,B1899,TRUE
C35291,B66924,TRUE
C20075,B84078,TRUE
C648,B3112,TRUE
C10796,B95413,TRUE
C21367,B54659,TRUE
C38973,B55225,TRUE
C35292,B76264,TRUE
C17776,B99140,TRUE
C11693,B23361,TRUE
C18712,B95788,TRUE
C49447,B29878,TRUE
C42290,B54051,TRUE
C35681,B39324,TRUE
C382,B78052,TRUE
C49217,B97151,TRUE
C16925,B6755,TRUE
C12598,B707,TRUE
C20076,B90743,TRUE
C24343,B46846,TRUE
C13504,B74139,TRUE
C4873,B56793,TRUE
C31772,B86459,TRUE
C6995,B78494,TRUE
C205,B16162,TRUE
C5660,B69575,TRUE
C46474,B90133,TRUE
C9022,B98461,TRUE
C4358,B51496,TRUE
C33467,B79901,TRUE
C14800,B18377,TRUE
C44244,B2780,TRUE
C47998,B32913,TRUE
C43388,B71631,TRUE
C24852,B77890,TRUE
C1414,B44198,TRUE
C2708,B47956,TRUE
C16783,B97354,TRUE
C898,B78586,TRUE
C35995,B3826,TRUE
C10210,B82091,TRUE
C40261,B15329,TRUE
C26508,B31070,TRUE
C9371,B92014,TRUE
C12780,B2976,TRUE
C43489,B39772,TRUE
C2177,B34018,TRUE
C9653,B17942,TRUE
C4090,B54419,TRUE
C2585,B43286,TRUE
C4031,B782,TRUE
C22775,B40021,TRUE
C47530,B82319,TRUE
C13689,B37205,TRUE
C36668,B80799,TRUE
C8990,B35915,TRUE
C12328,B82082,TRUE
C38529,B32031,TRUE
C36399,B12274,TRUE
C8652,B98855,TRUE
C28894,B51040,TRUE
C8113,B58850,TRUE
C2895,B58119,TRUE
C5408,B79698,TRUE
C13869,B39078,TRUE
C42405,B84431,TRUE
C43501,B94284,TRUE
C41967,B40074,TRUE
C49985,B34112,TRUE
C20453,B34711,TRUE
C7918,B81679,TRUE
C4795,B53760,TRUE
C43416,B28466,TRUE
C35964,B30526,TRUE
C9736,B86704,TRUE
C2552,B41670,TRUE
C6116,B14659,TRUE
C20218,B14216,TRUE
C12284,B60919,TRUE
C9091,B92684,TRUE
C13057,B41778,TRUE
C13299,B31891,TRUE
C47270,B40042,TRUE
C42738,B32842,TRUE
C8686,B21912,TRUE
C9242,B55262,TRUE
C20286,B71953,TRUE
C42683,B66078,TRUE
C48153,B26500,TRUE
C32357,B62355,TRUE
C9006,B97802,TRUE
C17430,B37303,TRUE
C6706,B82876,TRUE
C19517,B31571,TRUE
C43226,B72170,TRUE
C42667,B61784,TRUE
C24557,B44779,TRUE
C3086,B51307,TRUE
C4420,B56051,TRUE
C18234,B49023,TRUE
C7435,B79341,TRUE
C16864,B92599,TRUE
C2766,B41693,TRUE
C48670,B52382,TRUE
C12318,B8031,TRUE
C50680,B58507,TRUE
C12828,B99870,TRUE
C24366,B2889,TRUE
C27129,B77123,TRUE
C13637,B92392,TRUE
C535,B15901,TRUE
C31596,B57677,TRUE
C47210,B38068,TRUE
C6239,B71278,TRUE
C2964,B54390,TRUE
C692,B31475,TRUE
C35228,B6963,TRUE
C4169,B17857,TRUE
C12326,B89596,TRUE
C49888,B78042,TRUE
C26347,B30211,TRUE
C32194,B67187,TRUE
C8082,B74661,TRUE
C40545,B60094,TRUE
C24941,B70111,TRUE
C35995,B5346,FALSE
C35995,B9813,FALSE
C35995,B6437,FALSE
C36081,B41152,TRUE
C36081,B39482,FALSE
C36081,B35566,TRUE
C6204,B31389,FALSE
C49888,B67065,FALSE
C49888,B76366,TRUE
C9653,B29145,FALSE
C49888,B68627,FALSE
C12345,B66391,TRUE
C8719,B39282,TRUE
C8719,B40933,FALSE
C7193,B1552,FALSE
C9157,B55672,FALSE
C13637,B87549,TRUE
C11132,B29937,FALSE
C41249,B96715,FALSE
C36081,B44245,FALSE
C37046,B70909,FALSE
C6995,B74924,FALSE
C13824,B57779,FALSE
C12345,B56927,FALSE
C12345,B62415,FALSE
C12345,B56063,FALSE
C12345,B64742,FALSE
C12345,B61517,FALSE
C12345,B51397,FALSE
C12345,B52527,FALSE
C12345,B60587,FALSE
C12345,B58339,FALSE
C17421,B60448,FALSE
C14052,B67615,FALSE
C26508,B17865,FALSE
C35995,B12528,FALSE
C13637,B89260,FALSE
C13637,B96480,FALSE
C2708,B36284,FALSE
C37046,B81570,FALSE
C9157,B51911,FALSE
C32830,B76134,FALSE
C8719,B40534,FALSE
C31772,B88256,FALSE
C692,B33139,FALSE
C692,B27634,FALSE
C12345,B55435,FALSE
C8035,B12171,FALSE
C4169,B17974,FALSE
C863,B26571,FALSE
C9736,B94254,FALSE
C7512,B8905,FALSE
C17430,B18375,FALSE
C36081,B39135,FALSE
C8652,B99737,FALSE
C12345,B56387,FALSE
C2240,B44469,FALSE
C17494,B37303,FALSE
C31998,B29640,FALSE
C9006,B99846,FALSE
C5585,B82955,FALSE
C10796,B85987,FALSE
C12345,B51733,FALSE
C12318,B69764,FALSE
C14671,B8031,FALSE
C32100,B59154,FALSE
C806,B65392,FALSE
C47210,B80097,FALSE
C17430,B24801,FALSE
C24063,B34064,FALSE
C3497,B17291,FALSE
C8990,B39489,FALSE
C32100,B54245,FALSE
C17494,B18375,FALSE
C24900,B36444,FALSE
C8014,B40150,FALSE
C15334,B95486,FALSE
C9091,B67106,FALSE
C31734,B99877,FALSE
C7193,B45277,FALSE
C21145,B78538,FALSE
C7193,B89462,FALSE
C35995,B15984,FALSE
C9157,B23641,FALSE
C9157,B22808,FALSE
C9242,B18330,FALSE
C24063,B32031,FALSE
C9091,B64387,FALSE
C38529,B64848,FALSE
C9653,B15070,FALSE
C40154,B50860,FALSE
C7628,B63840,FALSE
C24063,B56746,FALSE
C36081,B34190,FALSE
C8719,B78042,FALSE
C49888,B48591,FALSE
C49888,B42867,FALSE
C9653,B39177,FALSE
C9006,B83431,FALSE
C9006,B88820,FALSE
C49555,B11580,FALSE
C9653,B9896,FALSE
C17421,B70767,FALSE
C33027,B52774,FALSE
C15334,B88077,FALSE
C14800,B51788,FALSE
C28894,B87052,FALSE
C9242,B11858,FALSE
C8719,B12402,FALSE
C7193,B67463,FALSE
C34480,B82088,FALSE
C6706,B42416,FALSE
C37046,B69433,FALSE
C3677,B72759,FALSE
C32357,B20070,FALSE
C3497,B62355,FALSE
C20286,B69422,FALSE
C3497,B28994,FALSE
C6864,B34196,FALSE
C8776,B91616,FALSE
C8719,B27170,FALSE
C2177,B54390,FALSE
C9157,B31424,FALSE
C2964,B34018,FALSE
C7193,B89234,FALSE
C5585,B85545,FALSE
C9242,B24955,FALSE
C12345,B11003,FALSE
C9653,B82092,FALSE
C8719,B35729,FALSE
C12345,B9265,FALSE
C14933,B96719,FALSE
C3677,B98963,FALSE
C12345,B180,FALSE
C898,B19038,FALSE
C36081,B38648,FALSE
C36081,B36335,FALSE
C2766,B43808,FALSE
C49888,B49257,FALSE
C8719,B68627,FALSE
C17421,B54225,FALSE
C9653,B89234,FALSE
C14800,B82259,FALSE
C9653,B73147,FALSE
C49888,B46227,FALSE
C3497,B18268,FALSE
C49888,B49472,FALSE
C17494,B24801,FALSE
C49888,B39282,FALSE
C49888,B40534,FALSE
C8719,B67065,FALSE
C49888,B94620,FALSE
C9653,B66209,FALSE
C13178,B31891,FALSE
C8719,B76366,FALSE
C49888,B40933,FALSE
C8719,B35996,FALSE
C9653,B45277,FALSE
C7193,B39177,FALSE
C31734,B32717,FALSE
C12345,B61098,FALSE
C31734,B60672,FALSE
C692,B69477,FALSE
C46373,B26368,FALSE
C9653,B31064,FALSE
C7193,B31064,FALSE
C8719,B35185,FALSE
C9653,B57659,FALSE
C8719,B45734,FALSE
C43051,B10654,FALSE
C9242,B17901,FALSE
C12345,B19631,FALSE
C16902,B39725,FALSE
C8719,B75848,FALSE
C12780,B59839,FALSE
C42717,B43928,FALSE
C7918,B35944,FALSE
C3497,B30550,FALSE
C43416,B27192,FALSE
C43416,B31885,FALSE
C43416,B81109,FALSE
C24702,B15237,FALSE
C5464,B43706,FALSE
C7918,B61326,FALSE
C7918,B83983,FALSE
C42290,B6963,FALSE
C19518,B74925,FALSE
C32830,B6113,FALSE
C39497,B35638,FALSE
C42290,B88605,FALSE
C43416,B17374,FALSE
C29804,B22439,FALSE
C9006,B45443,FALSE
C35228,B79999,FALSE
C35228,B73700,FALSE
C4090,B3605,FALSE
C29400,B18639,FALSE
C32320,B16035,FALSE
C38529,B64609,FALSE
C21124,B5608,FALSE
C21124,B20958,FALSE
C5766,B52659,FALSE
C5779,B75305,FALSE
C41525,B23489,FALSE
C29400,B2886,FALSE
C29400,B38671,FALSE
C692,B67451,FALSE
C9006,B49400,FALSE
C42290,B59191,FALSE
C9910,B57888,FALSE
C12345,B67673,FALSE
C35228,B16451,FALSE
C46420,B660,FALSE
C21145,B69231,FALSE
C9006,B37080,FALSE
C38398,B36294,FALSE
C33309,B85594,FALSE
C35129,B95135,FALSE
C32194,B24953,FALSE
C1143,B98908,FALSE
C4581,B6192,FALSE
C5766,B30233,FALSE
C5722,B37776,FALSE
C30025,B26882,FALSE
C648,B1738,FALSE
C3629,B32568,FALSE
C31596,B91131,FALSE
C32357,B6380,FALSE
C16328,B76550,FALSE
C5585,B90322,FALSE
C32357,B24612,FALSE
C1418,B54498,FALSE
C21145,B57079,FALSE
C35035,B61606,FALSE
C10287,B19780,FALSE
C17494,B77432,FALSE
C5722,B10516,FALSE
C1221,B85147,FALSE
C12318,B82308,FALSE
C46373,B11841,FALSE
C46373,B18268,FALSE
C32194,B84555,FALSE
C14672,B35773,FALSE
C36399,B81199,FALSE
C27129,B53882,FALSE
C37401,B48446,FALSE
C8719,B41220,FALSE
C9891,B35350,FALSE
C13289,B36514,FALSE
C17889,B20690,FALSE
C20075,B77318,FALSE
C41625,B64267,FALSE
C23782,B16129,FALSE
C13299,B89287,FALSE
C38398,B78882,FALSE
C32357,B13761,FALSE
C4031,B5649,FALSE
C21124,B73720,FALSE
C21145,B8178,FALSE
C23782,B40612,FALSE
C13178,B29798,FALSE
C4795,B17797,FALSE
C32194,B4465,FALSE
C3497,B80237,FALSE
C32194,B85454,FALSE
C32194,B62730,FALSE
C21145,B60683,FALSE
C46420,B56296,FALSE
C1930,B86595,FALSE
C20075,B93327,FALSE
C20075,B76022,FALSE
C2481,B11409,FALSE
C31772,B19514,FALSE
C21145,B18825,FALSE
C9006,B92131,FALSE
C12598,B38854,FALSE
C3497,B15541,FALSE
C31596,B51888,FALSE
C24268,B49702,FALSE
C4795,B80463,FALSE
C13289,B56381,FALSE
C36399,B81771,FALSE
C24557,B77293,FALSE
C19718,B56725,FALSE
C41967,B39091,FALSE
C13299,B29983,FALSE
C5585,B51648,FALSE
C20075,B14318,FALSE
C35228,B66074,FALSE
C35228,B30596,FALSE
C35228,B44,FALSE
C14052,B3783,FALSE
C5779,B49555,FALSE
C42290,B85068,FALSE
C16925,B2510,FALSE
C45215,B99227,FALSE
C21124,B61507,FALSE
C19894,B55229,FALSE
C13289,B47204,FALSE
C21410,B26026,FALSE
C21124,B38747,FALSE
C43030,B17906,FALSE
C14672,B59805,FALSE
C9157,B3639,FALSE
C42290,B70292,FALSE
C13134,B9049,FALSE
C7435,B25624,FALSE
C8719,B14076,FALSE
C1143,B61533,FALSE
C13134,B96966,FALSE
C41424,B95135,FALSE
C39497,B35962,FALSE
C12345,B27639,FALSE
C5779,B78198,FALSE
C8113,B35845,FALSE
C40468,B58470,FALSE
C49888,B34474,FALSE
C8990,B65129,FALSE
C16088,B69348,FALSE
C1930,B35513,FALSE
C49974,B48074,FALSE
C32100,B68207,FALSE
C3497,B82689,FALSE
C32194,B38191,FALSE
C34751,B71118,FALSE
C32830,B87712,FALSE
C48615,B4575,FALSE
C382,B75940,FALSE
C13178,B80149,FALSE
C29970,B75316,FALSE
C8476,B32058,FALSE
C2964,B21358,FALSE
C20075,B67685,FALSE
C2240,B60130,FALSE
C17494,B90214,FALSE
C16902,B90092,FALSE
C8476,B86833,FALSE
C7435,B45102,FALSE
C17494,B81011,FALSE
C24268,B81449,FALSE
C13637,B65045,FALSE
C1221,B22294,FALSE
C32830,B27295,FALSE
C14162,B11231,FALSE
C34480,B91360,FALSE
C648,B61126,FALSE
C648,B488,FALSE
C33309,B75363,FALSE
C648,B43122,FALSE
C22044,B50762,FALSE
C648,B28,FALSE
C23820,B64551,FALSE
C1598,B9123,FALSE
C8014,B49949,FALSE
C49447,B20100,FALSE
C42241,B2538,FALSE
C13289,B67797,FALSE
C24268,B34032,FALSE
C5660,B11475,FALSE
C6864,B87481,FALSE
C24268,B71271,FALSE
C24268,B87621,FALSE
C13289,B8640,FALSE
C4483,B54952,FALSE
C28458,B96651,FALSE
C33296,B19022,FALSE
C24063,B27065,FALSE
C898,B99999,FALSE
C13178,B48861,FALSE
C7626,B97877,FALSE
C2964,B35104,FALSE
C30025,B57989,FALSE
C12598,B65393,FALSE
C19663,B12113,FALSE
C17776,B43042,FALSE
C46420,B55457,FALSE
C1852,B27445,FALSE
C7501,B2561,FALSE
C10287,B93904,FALSE
C4667,B70587,FALSE
C5779,B8640,FALSE
C12598,B28147,FALSE
C3629,B67119,FALSE
C13134,B79357,FALSE
C4483,B21566,FALSE
C10287,B59730,FALSE
C4483,B55218,FALSE
C3677,B84293,FALSE
C2895,B32997,FALSE
C10287,B91242,FALSE
C21367,B15304,FALSE
C13299,B63089,FALSE
C26347,B84749,FALSE
C4483,B97275,FALSE
C32357,B23028,FALSE
C9524,B57209,FALSE
C14052,B66667,FALSE
C47210,B49037,FALSE
C43030,B85599,FALSE
C13289,B10559,FALSE
C4090,B32031,FALSE
C648,B50223,FALSE
C27129,B47303,FALSE
C13178,B27384,FALSE
C13178,B3766,FALSE
C4483,B87932,FALSE
C32194,B12770,FALSE
C43030,B95414,FALSE
C24063,B91715,FALSE
C8990,B37648,FALSE
C4201,B95647,FALSE
C4795,B99940,FALSE
C8990,B90001,FALSE
C8990,B20301,FALSE
C5779,B12417,FALSE
C8035,B45331,FALSE
C32100,B65126,FALSE
C8082,B36227,FALSE
C48615,B13343,FALSE
C44174,B60618,FALSE
C41525,B70428,FALSE
C32194,B86365,FALSE
C21124,B74541,FALSE
C38529,B61251,FALSE
C7628,B4047,FALSE
C20075,B67546,FALSE
C2552,B34837,FALSE
C34480,B40833,FALSE
C40437,B18556,FALSE
C5779,B91425,FALSE
C32357,B7000,FALSE
C20075,B27968,FALSE
C7918,B5010,FALSE
C14052,B7277,FALSE
C648,B73334,FALSE
C31998,B17972,FALSE
C8652,B88141,FALSE
C21145,B44912,FALSE
C16902,B8940,FALSE
C7918,B97982,FALSE
C13869,B8431,FALSE
C42290,B83445,FALSE
C8035,B53697,FALSE
C34480,B7967,FALSE
C5779,B16833,FALSE
C20075,B89338,FALSE
C18373,B16186,FALSE
C34480,B82511,FALSE
C25279,B14595,FALSE
C16902,B35011,FALSE
C4498,B772,FALSE
C31772,B27469,FALSE
C32830,B41871,FALSE
C31772,B21853,FALSE
C15185,B16161,FALSE
C29400,B21426,FALSE
C2481,B32478,FALSE
C31998,B90241,FALSE
C17430,B81521,FALSE
C21145,B54051,FALSE
C5366,B50613,FALSE
C20075,B60084,FALSE
C24063,B91000,FALSE
C10287,B40990,FALSE
C21124,B362,FALSE
C648,B31087,FALSE
C4483,B23805,FALSE
C24268,B92407,FALSE
C33467,B69243,FALSE
C38529,B74213,FALSE
C32357,B47523,FALSE
C46373,B10350,FALSE
C24941,B44334,FALSE
C7626,B44302,FALSE
C33467,B10521,FALSE
C35840,B66456,FALSE
C46373,B50224,FALSE
C648,B94721,FALSE
C28458,B94721,FALSE
C7279,B21873,FALSE
C18373,B42361,FALSE
C9242,B87211,FALSE
C13289,B32588,FALSE
C13289,B57192,FALSE
C33027,B99308,FALSE
C21410,B60099,FALSE
C13299,B7720,FALSE
C34480,B44536,FALSE
C648,B68108,FALSE
C41525,B21893,FALSE
C7279,B19327,FALSE
C4090,B94694,FALSE
C6116,B63332,FALSE
C25187,B1464,FALSE
C2240,B52699,FALSE
C35035,B64633,FALSE
C11150,B61225,FALSE
C36399,B63670,FALSE
C35228,B28196,FALSE
C13289,B68706,FALSE
C8859,B22180,FALSE
C39952,B23650,FALSE
C49974,B23987,FALSE
C32194,B5847,FALSE
C21124,B92413,FALSE
C27647,B26163,FALSE
C863,B4297,FALSE
C32100,B57181,FALSE
C13289,B97976,FALSE
C2481,B38481,FALSE
C806,B28712,FALSE
C32100,B657,FALSE
C4090,B95381,FALSE
C46420,B51646,FALSE
C8035,B75836,FALSE
C32100,B90306,FALSE
C26333,B97199,FALSE
C32357,B15536,FALSE
C17494,B62530,FALSE
C42983,B38507,FALSE
C42983,B66885,FALSE
C20075,B898,FALSE
C8113,B47200,FALSE
C8776,B5270,FALSE
C13299,B75423,FALSE
C12297,B54529,FALSE
C4795,B24264,FALSE
C48670,B5992,FALSE
C49888,B78706,FALSE
C5975,B26678,FALSE
C1852,B96914,FALSE
C38529,B1783,FALSE
C35129,B72671,FALSE
C382,B41837,FALSE
C13299,B73090,FALSE
C35129,B96296,FALSE
C43030,B17665,FALSE
C43030,B21224,FALSE
C24268,B95274,FALSE
C19663,B90920,FALSE
C3195,B84010,FALSE
C13289,B59505,FALSE
C46373,B29634,FALSE
C648,B63687,FALSE
C10287,B37070,FALSE
C6204,B9515,FALSE
C14933,B57718,FALSE
C27129,B95823,FALSE
C48928,B90631,FALSE
C10287,B27276,FALSE
C4058,B51552,FALSE
C16088,B37150,FALSE
C21124,B25525,FALSE
C15147,B33752,FALSE
C3195,B49822,FALSE
C2240,B7141,FALSE
C16783,B76266,FALSE
C48526,B19830,FALSE
C28458,B3605,FALSE
C47270,B75181,FALSE
C23039,B10566,FALSE
C35228,B96394,FALSE
C17889,B90366,FALSE
C46420,B79145,FALSE
C28458,B59308,FALSE
C17430,B4948,FALSE
C29804,B20394,FALSE
C4483,B62003,FALSE
C43388,B13398,FALSE
C17494,B28683,FALSE
C20075,B4131,FALSE
C16902,B90136,FALSE
C20075,B574,FALSE
C4498,B27963,FALSE
C32194,B43306,FALSE
C34480,B20301,FALSE
C4483,B81328,FALSE
C17430,B68650,FALSE
C17430,B52856,FALSE
C43986,B6575,FALSE
C2240,B26761,FALSE
C33027,B35156,FALSE
C12284,B80013,FALSE
C31772,B75222,FALSE
C32194,B77407,FALSE
C648,B21738,FALSE
C43030,B13437,FALSE
C5722,B73568,FALSE
C24063,B92816,FALSE
C36399,B8842,FALSE
C13057,B93390,FALSE
C4090,B85618,FALSE
C8990,B29775,FALSE
C42290,B97367,FALSE
C39952,B39794,FALSE
C21145,B98137,FALSE
C39952,B74222,FALSE
C39952,B48424,FALSE
C7955,B15411,FALSE
C17430,B34998,FALSE
C46373,B46031,FALSE
C39952,B35077,FALSE
C30025,B18247,FALSE
C40468,B2673,FALSE
C44174,B56082,FALSE
C9910,B13132,FALSE
C3497,B50480,FALSE
C8476,B89253,FALSE
C36399,B78983,FALSE
C13299,B19271,FALSE
C18373,B16028,FALSE
C7512,B62275,FALSE
C8652,B25212,FALSE
C535,B286,FALSE
C35995,B84578,FALSE
C36081,B7193,FALSE
C32357,B40494,FALSE
C7626,B79001,FALSE
C7279,B35704,FALSE
C35995,B29145,FALSE
C38529,B56349,FALSE
C33027,B12292,FALSE
C35228,B11396,FALSE
C3497,B96365,FALSE
C9736,B53197,FALSE
C32320,B94056,FALSE
C5779,B77556,FALSE
C17889,B81623,FALSE
C24557,B4783,FALSE
C32357,B62217,FALSE
C17776,B67978,FALSE
C5366,B72776,FALSE
C49353,B67237,FALSE
C15692,B23711,FALSE
C34480,B71351,FALSE
C24268,B49583,FALSE
C12326,B28119,FALSE
C43226,B52975,FALSE
C30025,B96555,FALSE
C12598,B60801,FALSE
C16815,B78103,FALSE
C8990,B20680,FALSE
C8859,B83564,FALSE
C8990,B2459,FALSE
C32830,B98767,FALSE
C19027,B30899,FALSE
C6864,B46701,FALSE
C13289,B37279,FALSE
C32194,B8983,FALSE
C49447,B21860,FALSE
C24268,B69037,FALSE
C13289,B59271,FALSE
C6864,B55920,FALSE
C33027,B19747,FALSE
C5660,B61437,FALSE
C13289,B13189,FALSE
C3677,B13418,FALSE
C9736,B79403,FALSE
C3102,B73155,FALSE
C24852,B54505,FALSE
C35830,B64305,FALSE
C47270,B31637,FALSE
C47677,B61464,FALSE
C11693,B2566,FALSE
C17430,B60727,FALSE
C20075,B3408,FALSE
C648,B78689,FALSE
C4795,B45916,FALSE
C24268,B91177,FALSE
C4483,B59154,FALSE
C20453,B31368,FALSE
C4358,B37072,FALSE
C38529,B76874,FALSE
C16088,B49645,FALSE
C24063,B91149,FALSE
C34480,B5481,FALSE
C34480,B30500,FALSE
C1929,B3899,FALSE
C3102,B72885,FALSE
C42290,B74528,FALSE
C30025,B19457,FALSE
C8035,B55027,FALSE
C8476,B47755,FALSE
C21859,B64467,FALSE
C8476,B98580,FALSE
C29970,B22682,FALSE
C16815,B42834,FALSE
C43030,B59012,FALSE
C3497,B16924,FALSE
C42667,B22834,FALSE
C49985,B39303,FALSE
C43030,B91145,FALSE
C13289,B18964,FALSE
C19518,B36236,FALSE
C38398,B2419,FALSE
C35228,B24,FALSE
C39952,B1050,FALSE
C10287,B97459,FALSE
C17494,B35612,FALSE
C37258,B90631,FALSE
C18664,B89662,FALSE
C17494,B44315,FALSE
C49520,B74565,FALSE
C9006,B98449,FALSE
C30025,B74718,FALSE
C43030,B11635,FALSE
C17494,B26790,FALSE
C19663,B48393,FALSE
C47998,B71084,FALSE
C20075,B12758,FALSE
C12598,B89928,FALSE
C7435,B95197,FALSE
C32320,B35606,FALSE
C17494,B93186,FALSE
C7955,B47202,FALSE
C20075,B87286,FALSE
C5779,B85023,FALSE
C13299,B3528,FALSE
C898,B66351,FALSE
C38529,B25641,FALSE
C8990,B30635,FALSE
C49985,B86757,FALSE
C8652,B56599,FALSE
C7501,B60851,FALSE
C9822,B9171,FALSE
C31772,B17165,FALSE
C13178,B82511,FALSE
C31772,B10754,FALSE
C47998,B18168,FALSE
C32194,B69125,FALSE
C2240,B84275,FALSE
C34480,B19253,FALSE
C17430,B75740,FALSE
C47998,B86622,FALSE
C17430,B65462,FALSE
C48615,B59950,FALSE
C241,B68068,FALSE
C1852,B26628,FALSE
C5779,B92801,FALSE
C23794,B29410,FALSE
C29815,B53226,FALSE
C31309,B21260,FALSE
C23039,B96666,FALSE
C21124,B574,FALSE
C1852,B19042,FALSE
C1852,B68930,FALSE
C1852,B57053,FALSE
C42738,B33774,FALSE
C36358,B25251,FALSE
C7512,B2627,FALSE
C8597,B28000,FALSE
C9157,B70491,FALSE
C48526,B11700,FALSE
C13806,B5253,FALSE
C7501,B29350,FALSE
C7435,B69863,FALSE
C35228,B54587,FALSE
C24941,B91380,FALSE
C31596,B27012,FALSE
C24417,B96541,FALSE
C11693,B20804,FALSE
C8597,B8985,FALSE
C9524,B318,FALSE
C16815,B83785,FALSE
C48928,B31249,FALSE
C806,B77200,FALSE
C16902,B81952,FALSE
C16925,B33468,FALSE
C1143,B5466,FALSE
C17430,B81279,FALSE
C241,B64043,FALSE
C47998,B68612,FALSE
C8990,B80809,FALSE
C8990,B80953,FALSE
C13134,B91255,FALSE
C32320,B90306,FALSE
C21145,B9385,FALSE
C5408,B18761,FALSE
C13134,B1971,FALSE
C32100,B93447,FALSE
C40468,B20530,FALSE
C11350,B33905,FALSE
C898,B96336,FALSE
C36283,B11192,FALSE
C32320,B57136,FALSE
C32830,B70326,FALSE
C32320,B67398,FALSE
C13299,B48813,FALSE
C32357,B941,FALSE
C8113,B29095,FALSE
C9653,B15635,FALSE
C898,B16381,FALSE
C863,B70858,FALSE
C48153,B11334,FALSE
C44174,B42811,FALSE
C47998,B19740,FALSE
C13299,B59655,FALSE
C24900,B87310,FALSE
C31596,B8822,FALSE
C34480,B32428,FALSE
C382,B36594,FALSE
C382,B39751,FALSE
C29804,B41844,FALSE
C39952,B32950,FALSE
C31772,B78647,FALSE
C1221,B55704,FALSE
C4795,B34680,FALSE
C38529,B20686,FALSE
C9157,B1618,FALSE
C39952,B68733,FALSE
C4805,B1323,FALSE
C4169,B86631,FALSE
C14672,B74056,FALSE
C35228,B29983,FALSE
C32830,B45527,FALSE
C9196,B97904,FALSE
C5779,B90163,FALSE
C1852,B23026,FALSE
C35035,B62787,FALSE
C24268,B1469,FALSE
C1852,B21444,FALSE
C38155,B76760,FALSE
C35228,B31029,FALSE
C1221,B19168,FALSE
C32830,B71896,FALSE
C38529,B37493,FALSE
C38529,B70958,FALSE
C2371,B35804,FALSE
C5779,B88858,FALSE
C17956,B22024,FALSE
C42241,B76744,FALSE
C13134,B62526,FALSE
C49520,B4483,FALSE
C9196,B81863,FALSE
C40468,B91535,FALSE
C4483,B61599,FALSE
C46373,B80056,FALSE
C13057,B83867,FALSE
C2766,B29793,FALSE
C27690,B21815,FALSE
C21145,B63934,FALSE
C30025,B83691,FALSE
C8776,B12332,FALSE
C23820,B59428,FALSE
C32194,B69497,FALSE
C35995,B63838,FALSE
C35995,B62897,FALSE
C28458,B70135,FALSE
C32320,B25075,FALSE
C8990,B19287,FALSE
C19663,B75014,FALSE
C21145,B20972,FALSE
C37716,B15175,FALSE
C20075,B77310,FALSE
C17494,B87183,FALSE
C47677,B39048,FALSE
C1057,B65418,FALSE
C32357,B33062,FALSE
C47998,B9393,FALSE
C49974,B54944,FALSE
C24702,B70013,FALSE
C17494,B25518,FALSE
C28458,B83294,FALSE
C1418,B74952,FALSE
C16815,B40012,FALSE
C46420,B13598,FALSE
C28458,B65613,FALSE
C28253,B63616,FALSE
C17776,B33554,FALSE
C46373,B7306,FALSE
C9371,B41997,FALSE
C24702,B34488,FALSE
C17776,B32376,FALSE
C47998,B80855,FALSE
C24702,B71954,FALSE
C648,B98432,FALSE
C10287,B9808,FALSE
C24343,B14684,FALSE
C46373,B83863,FALSE
C29804,B62139,FALSE
C10287,B5500,FALSE
C28458,B23885,FALSE
C47998,B43295,FALSE
C9736,B22881,FALSE
C31772,B19110,FALSE
C8597,B2715,FALSE
C16088,B81152,FALSE
C31772,B5984,FALSE
C46420,B97648,FALSE
C1221,B98489,FALSE
C32357,B15058,FALSE
C4090,B70290,FALSE
C4483,B25981,FALSE
C13637,B11670,FALSE
C13289,B57845,FALSE
C32194,B37904,FALSE
C7279,B71291,FALSE
C31772,B3917,FALSE
C12090,B20151,FALSE
C31772,B40831,FALSE
C46474,B19539,FALSE
C42241,B24279,FALSE
C32357,B32242,FALSE
C22044,B5256,FALSE
C40468,B22981,FALSE
C4873,B85104,FALSE
C16925,B75230,FALSE
C27690,B57394,FALSE
C21145,B36395,FALSE
C8652,B41579,FALSE
C2964,B23846,FALSE
C17494,B37958,FALSE
C39952,B3400,FALSE
C39952,B52990,FALSE
C15334,B95891,FALSE
C13824,B26098,FALSE
C36081,B80761,FALSE
C43030,B43710,FALSE
C9822,B34515,FALSE
C8776,B39725,FALSE
C4483,B93896,FALSE
C23374,B18726,FALSE
C898,B63695,FALSE
C34751,B28823,FALSE
C3195,B92244,FALSE
C9822,B29586,FALSE
C27917,B97271,FALSE
C898,B58438,FALSE
C28894,B99906,FALSE
C13134,B43766,FALSE
C34480,B62043,FALSE
C12345,B99782,FALSE
C13806,B70957,FALSE
C20075,B85643,FALSE
C27917,B52607,FALSE
C19894,B57447,FALSE
C14933,B81689,FALSE
C24063,B35209,FALSE
C14672,B5123,FALSE
C8476,B29729,FALSE
C1852,B64817,FALSE
C44174,B47804,FALSE
C15185,B84449,FALSE
C21145,B72211,FALSE
C13806,B37170,FALSE
C21124,B66868,FALSE
C4358,B15923,FALSE
C2240,B77332,FALSE
C33296,B18592,FALSE
C23039,B2498,FALSE
C34480,B55436,FALSE
C34480,B65624,FALSE
C16902,B21214,FALSE
C1852,B65615,FALSE
C32357,B47902,FALSE
C36399,B7969,FALSE
C13504,B64330,FALSE
C5779,B37075,FALSE
C9822,B97668,FALSE
C40468,B27905,FALSE
C16088,B66573,FALSE
C49520,B640,FALSE
C1930,B83413,FALSE
C26760,B62452,FALSE
C38529,B48647,FALSE
C32830,B52606,FALSE
C38529,B5974,FALSE
C1221,B11399,FALSE
C47998,B33124,FALSE
C33309,B66502,FALSE
C7279,B17566,FALSE
C5779,B42648,FALSE
C35228,B76936,FALSE
C5408,B56307,FALSE
C33309,B95789,FALSE
C9157,B75710,FALSE
C14162,B44801,FALSE
C17494,B12572,FALSE
C1221,B84822,FALSE
C30025,B31464,FALSE
C13289,B80781,FALSE
C4201,B18191,FALSE
C8113,B94585,FALSE
C32100,B31822,FALSE
C1852,B44269,FALSE
C48670,B66672,FALSE
C3102,B18967,FALSE
C30025,B61009,FALSE
C32320,B73090,FALSE
C35681,B65218,FALSE
C1221,B13013,FALSE
C8597,B63555,FALSE
C9736,B21975,FALSE
C16631,B60286,FALSE
C20075,B92994,FALSE
C32320,B29346,FALSE
C39952,B70817,FALSE
C37716,B91075,FALSE
C46373,B53032,FALSE
C46373,B80648,FALSE
C37716,B55009,FALSE
C32328,B760,FALSE
C31772,B37007,FALSE
C35830,B82961,FALSE
C28458,B37568,FALSE
C648,B16777,FALSE
C19325,B98618,FALSE
C3195,B95903,FALSE
C2766,B48899,FALSE
C4058,B69327,FALSE
C32320,B9310,FALSE
C34480,B96086,FALSE
C40468,B17665,FALSE
C43986,B32690,FALSE
C2371,B55957,FALSE
C26508,B17672,FALSE
C40468,B58354,FALSE
C24941,B74174,FALSE
C31596,B42622,FALSE
C46420,B25002,FALSE
C39497,B57197,FALSE
C40468,B92654,FALSE
C27129,B38633,FALSE
C2895,B75168,FALSE
C17430,B869,FALSE
C17494,B53350,FALSE
C17430,B88755,FALSE
C44174,B36267,FALSE
C9736,B76408,FALSE
C17776,B9785,FALSE
C17430,B47022,FALSE
C31772,B35741,FALSE
C9891,B81159,FALSE
C28458,B48125,FALSE
C19027,B97430,FALSE
C43226,B92922,FALSE
C13637,B7687,FALSE
C6204,B78319,FALSE
C13504,B15573,FALSE
C17956,B28823,FALSE
C13299,B29895,FALSE
C692,B35786,FALSE
C1221,B69876,FALSE
C32320,B60202,FALSE
C9891,B40608,FALSE
C9157,B52201,FALSE
C28458,B4514,FALSE
C2240,B97524,FALSE
C4483,B65639,FALSE
C35995,B34272,FALSE
C12598,B9968,FALSE
C40468,B70326,FALSE
C21436,B58692,FALSE
C15692,B86752,FALSE
C26760,B33650,FALSE
C9822,B29411,FALSE
C2766,B12759,FALSE
C31772,B4251,FALSE
C898,B37628,FALSE
C33529,B60424,FALSE
C34480,B43219,FALSE
C49985,B25320,FALSE
C46420,B19895,FALSE
C33309,B76416,FALSE
C15334,B78739,FALSE
C23039,B83685,FALSE
C5766,B4149,FALSE
C21367,B58951,FALSE
C23374,B29232,FALSE
C2964,B22349,FALSE
C39952,B38256,FALSE
C16815,B87565,FALSE
C2240,B40440,FALSE
C8719,B60109,FALSE
C32830,B95190,FALSE
C1852,B56949,FALSE
C40468,B40262,FALSE
C1929,B706,FALSE
C42290,B40002,FALSE
C40468,B19940,FALSE
C17776,B77476,FALSE
C535,B79504,FALSE
C241,B60851,FALSE
C17776,B70551,FALSE
C27129,B11717,FALSE
C27917,B21742,FALSE
C17494,B52925,FALSE
C43489,B77422,FALSE
C35228,B33901,FALSE
C17494,B18473,FALSE
C17776,B83797,FALSE
C2371,B33421,FALSE
C2371,B93912,FALSE
C1852,B55603,FALSE
C21145,B81466,FALSE
C9822,B3998,FALSE
C4483,B96393,FALSE
C28458,B66348,FALSE
C2552,B37812,FALSE
C43986,B78353,FALSE
C32320,B8206,FALSE
C382,B40909,FALSE
C31772,B34270,FALSE
C13134,B23721,FALSE
C19894,B56838,FALSE
C19567,B65544,FALSE
C46373,B48854,FALSE
C32830,B83530,FALSE
C43501,B85356,FALSE
C12598,B58749,FALSE
C1057,B31243,FALSE
C37258,B32016,FALSE
C382,B5591,FALSE
C17430,B70021,FALSE
C23374,B10083,FALSE
C40468,B67187,FALSE
C46474,B11956,FALSE
C898,B32939,FALSE
C44174,B53925,FALSE
C18373,B65180,FALSE
C26760,B55530,FALSE
C1143,B43127,FALSE
C47998,B88377,FALSE
C32100,B71688,FALSE
C1221,B44622,FALSE
C46474,B76274,FALSE
C22044,B48671,FALSE
C46420,B17316,FALSE
C46420,B56236,FALSE
C18373,B77768,FALSE
C50680,B22660,FALSE
C40138,B57810,FALSE
C26208,B57739,FALSE
C19894,B73289,FALSE
C9822,B51900,FALSE
C3195,B69217,FALSE
C8113,B55742,FALSE
C15185,B50564,FALSE
C17776,B53608,FALSE
C23794,B90628,FALSE
C1930,B40424,FALSE
C8035,B19301,FALSE
C28894,B85204,FALSE
C806,B38389,FALSE
C16631,B6582,FALSE
C1221,B66124,FALSE
C44174,B3076,FALSE
C46373,B37904,FALSE
C13689,B42379,FALSE
C8652,B91873,FALSE
C692,B65696,FALSE
C47677,B67574,FALSE
C32320,B40880,FALSE
C4483,B76413,FALSE
C50115,B90002,FALSE
C241,B61230,FALSE
C31772,B29633,FALSE
C32357,B599,FALSE
C9196,B47513,FALSE
C9736,B45476,FALSE
C9524,B16446,FALSE
C13134,B67379,FALSE
C1221,B97143,FALSE
C31309,B35414,FALSE
C17776,B61734,FALSE
C17776,B95339,FALSE
C7435,B13944,FALSE
C50057,B47670,FALSE
C44174,B31062,FALSE
C13806,B96088,FALSE
C32320,B5384,FALSE
C40468,B58146,FALSE
C13134,B51752,FALSE
C17776,B84503,FALSE
C9736,B97205,FALSE
C16088,B83993,FALSE
C24063,B99048,FALSE
C46420,B76307,FALSE
C28458,B20127,FALSE
C46420,B121,FALSE
C37401,B74835,FALSE
C28458,B85140,FALSE
C32320,B55123,FALSE
C10672,B10960,FALSE
C24818,B34245,FALSE